Name,Age,City,Occupation
John,30,New York,Engineer
Sarah,25,London,Teacher
Michael,35,Paris,Doctor
Emily,28,Sydney,Writer
David,32,Tokyo,Designer
Jessica,29,Berlin,Researcher
Daniel,27,San Francisco,Software Engineer
Olivia,31,Los Angeles,Marketing Manager
Matthew,26,Chicago,Accountant
Sophia,33,Madrid,Lawyer
Andrew,29,Toronto,Consultant
Emma,24,Melbourne,Graphic Designer
Christopher,35,Miami,Architect
Isabella,28,Rome,Journalist
William,30,Seattle,Data Analyst
Ava,27,Vancouver,Project Manager
James,32,Boston,Investment Banker
Mia,26,Stockholm,Product Manager
Alexander,29,Houston,Entrepreneur
Charlotte,31,Amsterdam,HR Manager
Benjamin,34,Dubai,Financial Analyst
Lily,25,Seoul,Translator
Henry,33,Singapore,Professor
Ella,28,Shanghai,Marketing Specialist
Daniel,30,Mumbai,Business Analyst
Grace,27,Sydney,Event Planner
Matthew,29,London,Artist
Sophia,25,New York,Interior Designer
Michael,32,Paris,Photographer
Emma,28,Tokyo,Fashion Stylist
Alexander,31,San Francisco,Web Developer
Olivia,26,Chicago,PR Specialist
Christopher,30,Los Angeles,Investment Analyst
Isabella,29,Berlin,Writer
James,35,Toronto,Operations Manager
Mia,24,Melbourne,UX Designer
William,33,Madrid,Software Developer
Ava,27,Boston,Sales Manager
Benjamin,26,Rome,Data Scientist
Lily,32,Seattle,Financial Advisor
Henry,28,Vancouver,Product Designer
Ella,30,Miami,Content Writer
Daniel,29,Amsterdam,Market Researcher
Grace,31,Dubai,Consulting Analyst
Matthew,34,Stockholm,IT Consultant
Sophia,25,Singapore,Investment Manager
Michael,33,Houston,HR Generalist
Emma,28,Shanghai,Data Engineer
Olivia,30,Mumbai,Public Relations Manager
Alexander,27,Sydney,Operations Analyst
Christopher,29,London,Business Development Manager
Isabella,25,Paris,Brand Manager
James,32,Tokyo,Social Media Coordinator
Mia,26,San Francisco,UX Researcher
William,29,Chicago,Financial Planner
Ava,31,Los Angeles,Project Coordinator
Benjamin,28,Berlin,Marketing Analyst
Lily,30,Rome,Operations Coordinator
Henry,27,Toronto,Data Architect
Ella,25,Melbourne,Content Strategist
Daniel,32,Madrid,Web Designer
Grace,26,Seattle,Research Analyst
Matthew,29,Vancouver,Investment Advisor
Sophia,33,Miami,PR Coordinator
Michael,28,Boston,Data Entry Specialist
Emma,30,Stockholm,Sales Representative
Olivia,27,Shanghai,Marketing Assistant
Alexander,31,Singapore,IT Project Manager
Christopher,24,Houston,Event Coordinator
Isabella,29,Mumbai,Brand Ambassador
James,25,Sydney,Financial Analyst
Mia,32,London,Graphic Artist
William,28,Paris,Technical Writer
Ava,30,Tok